{
    "coverImageFilename": "cover.png",
    "icon": "cover.png",
    "components": [
        {
            "type": "FileCopyMod",
            "sourceFileName": "HTC Bloqs.qbloq",
            "targetRootedPathAndFileName": "/sdcard/Qosmetics/notes/testBloq.qbloq"
        }
    ],
    "version": "1.0.0",
    "links": {
        "pageLink": ""
    },
    "description": [
        "HTC's new edition headset, HTC Bloqs."
    ],
    "gameVersion": "1.11.1",
    "platform": "Quest",
    "id": "HTCBloqsVividoxV1.0.0",
    "name": "HTC Bloqs",
    "author": "Vividox",
    "category": "Bloq"
}